Gen,Max,Min,Prom,Desv_Fit,Cromosoma_Max,Decimal_Max
1,0.965398911079051,0.0017831554771813882,0.3336605816744919,0.09779805086964553,111110111000100000110101110101,1055001973
2,0.965398911079051,0.4393017322554402,0.7419009571375119,0.027533825892430763,111110111000100000110101110101,1055001973
3,0.965398911079051,0.751686894895716,0.9226261975634374,0.009263681913742852,111110111000100000110101110101,1055001973
4,0.9654139036170492,0.9653970370199867,0.9654002227439307,4.759045989900388e-07,111110111000100010110101110101,1055010165
5,0.9654139036170492,0.965398911079051,0.9654049080942503,7.608013536494656e-07,111110111000100010110101110101,1055010165
6,0.9654139036170492,0.9654139036170492,0.9654139036170492,0.0,111110111000100010110101110101,1055010165
7,0.9654139072773509,0.9654101554716357,0.965413529168538,1.1648543651428012e-07,111110111000100010110101110111,1055010167
8,0.9654139072773509,0.9654139036170492,0.9654139054472001,1.8957162228883107e-10,111110111000100010110101110111,1055010167
9,0.9654139072773509,0.9577529567945192,0.9646478122290677,0.00023825121621731812,111110111000100010110101110111,1055010167
10,0.9654139072773509,0.9654139072773509,0.9654139072773509,0.0,111110111000100010110101110111,1055010167
11,0.9654148443148429,0.9654139072773509,0.9654140009811002,2.9118207041378687e-08,111110111000100010111101110111,1055010679
12,0.9658937299614909,0.9654139072773509,0.9654632013998908,1.4866352825493661e-05,111110111001100010110101110111,1055272311
13,0.9658946672318136,0.9654139072773509,0.9656565360563422,2.4584065337249405e-05,111110111001100010111101110111,1055272823
14,0.9658946672318136,0.96542234063115,0.9658467784825213,1.4648262010159467e-05,111110111001100010111101110111,1055272823
15,0.9658946672318136,0.9658937299614909,0.9658945735047814,2.911095108304451e-08,111110111001100010111101110111,1055272823
16,0.9658946672318136,0.9658946672318136,0.9658946672318136,0.0,111110111001100010111101110111,1055272823
17,0.9658946672318136,0.9658946672318136,0.9658946672318136,0.0,111110111001100010111101110111,1055272823
18,0.9658946672318136,0.9658946672318136,0.9658946672318136,0.0,111110111001100010111101110111,1055272823
19,0.9658946672318136,0.9658946672318136,0.9658946672318136,0.0,111110111001100010111101110111,1055272823
20,0.9658946672318136,0.965894665401207,0.9658946670487529,5.685733550642196e-11,111110111001100010111101110111,1055272823
21,0.9658946672318136,0.9620594217561617,0.9655111426842484,0.00011916730857158551,111110111001100010111101110111,1055272823
22,0.9658946672318136,0.9658946672318136,0.9658946672318136,0.0,111110111001100010111101110111,1055272823
23,0.9678151509925942,0.965894665401207,0.9660867154248309,5.963700566996246e-05,111110111101100010111101110111,1056321399
24,0.9678151509925942,0.9658946672318136,0.9666628607361257,9.732876816290758e-05,111110111101100010111101110111,1056321399
25,0.9678151509925942,0.9678151509925942,0.9678151509925941,0.0,111110111101100010111101110111,1056321399
26,0.9678151509925942,0.9678151509925942,0.9678151509925941,0.0,111110111101100010111101110111,1056321399
27,0.9678151509925942,0.9678151509925942,0.9678151509925941,0.0,111110111101100010111101110111,1056321399
28,0.9678151509925942,0.7374961593290655,0.9447832518262412,0.007313391443539925,111110111101100010111101110111,1056321399
29,0.9678151509925942,0.9678132745897584,0.9678149164422226,5.836571155038696e-08,111110111101100010111101110111,1056321399
30,0.9678151509925942,0.9601446600412903,0.9670466007802883,0.00023790490181335773,111110111101100010111101110111,1056321399
31,0.9678151509925942,0.9073057155712551,0.9617642074504603,0.0018874512573641142,111110111101100010111101110111,1056321399
32,0.9678151509925942,0.9678151509925942,0.9678151509925941,0.0,111110111101100010111101110111,1056321399
33,0.9678151509925942,0.9678151509925942,0.9678151509925941,0.0,111110111101100010111101110111,1056321399
34,0.9678151509925942,0.9678151509925942,0.9678151509925941,0.0,111110111101100010111101110111,1056321399
35,0.9678151509925942,0.5384271677237447,0.9248763526657091,0.013927958543796257,111110111101100010111101110111,1056321399
36,0.9678151509925942,0.9678151509925942,0.9678151509925941,0.0,111110111101100010111101110111,1056321399
37,0.9678151509925942,0.9678151509925942,0.9678151509925941,0.0,111110111101100010111101110111,1056321399
38,0.9678151509925942,0.9678151509925942,0.9678151509925941,0.0,111110111101100010111101110111,1056321399
39,0.9678151509925942,0.967815143662892,0.967815150259624,2.2720357678585066e-10,111110111101100010111101110111,1056321399
40,0.9678151509925942,0.9073057155712551,0.9617642074504603,0.0018874512573641142,111110111101100010111101110111,1056321399
41,0.9678151509925942,0.9678151473277431,0.9678151506261091,1.136017904745934e-10,111110111101100010111101110111,1056321399
42,0.9678151509925942,0.9678151509925942,0.9678151509925941,0.0,111110111101100010111101110111,1056321399
43,0.9678151509925942,0.9678151509925942,0.9678151509925941,0.0,111110111101100010111101110111,1056321399
44,0.9678151509925942,0.9678151509925942,0.9678151509925941,0.0,111110111101100010111101110111,1056321399
45,0.9678151509925942,0.9678151509925942,0.9678151509925941,0.0,111110111101100010111101110111,1056321399
46,0.9678151509925942,0.9678151473277431,0.9678151506261091,1.136017904745934e-10,111110111101100010111101110111,1056321399
47,0.9678151509925942,0.9678151509925942,0.9678151509925941,0.0,111110111101100010111101110111,1056321399
48,0.9678451736853482,0.9678151509925942,0.9678181532618696,9.306301804595796e-07,111110111101100110111101110111,1056337783
49,0.9678451736853482,0.9678142127909489,0.9678300685188066,1.5609658937402333e-06,111110111101100110111101110111,1056337783
50,0.9678526794312963,0.9678451736853482,0.9678459242599431,2.3265312463632835e-07,111110111101100111111101110111,1056341879
51,0.9678526794312963,0.9678451736853482,0.9678481759837274,3.799200777164704e-07,111110111101100111111101110111,1056341879
52,0.9678526794312963,0.5384551594192649,0.9249091745745813,0.01392763839995543,111110111101100111111101110111,1056341879
53,0.9678526794312963,0.9678526775988352,0.9678526792480502,5.6799794034834577e-11,111110111101100111111101110111,1056341879
54,0.9678526794312963,0.9678526794312963,0.9678526794312962,0.0,111110111101100111111101110111,1056341879
55,0.9679727753245867,0.9678526794312963,0.9678646890206253,3.7225005102309307e-06,111110111101110111111101110111,1056407415
56,0.9679727753245867,0.9678526794312963,0.9679127215137024,6.203254008609914e-06,111110111101110111111101110111,1056407415
57,0.9679727753245867,0.9679727166821958,0.9679727635961084,2.4233074769064445e-09,111110111101110111111101110111,1056407415
58,0.9679727753245867,0.9679727753245867,0.9679727753245867,0.0,111110111101110111111101110111,1056407415
59,0.9679727753245867,0.9679727753245867,0.9679727753245867,0.0,111110111101110111111101110111,1056407415
60,0.9679727753245867,0.5385447377343735,0.9250299686334458,0.013926944495648104,111110111101110111111101110111,1056407415
61,0.9680328260651997,0.9679727753245867,0.967978780398648,1.861117469587059e-06,111110111101111111111101110111,1056440183
62,0.9680328260651997,0.9679727753245867,0.967996795620832,3.03913553936061e-06,111110111101111111111101110111,1056440183
63,0.9680328260651997,0.9680328223999365,0.9680328256986733,1.135890173586951e-10,111110111101111111111101110111,1056440183
64,0.9680328260651997,0.9680328260651997,0.9680328260651997,0.0,111110111101111111111101110111,1056440183
65,0.9680328260651997,0.9680328260651997,0.9680328260651997,0.0,111110111101111111111101110111,1056440183
66,0.9680328260651997,0.9680323569115695,0.9680327732854156,1.4450775910774052e-08,111110111101111111111101110111,1056440183
67,0.9680328260651997,0.9680328260651997,0.9680328260651997,0.0,111110111101111111111101110111,1056440183
68,0.9680328260651997,0.9680328260651997,0.9680328260651997,0.0,111110111101111111111101110111,1056440183
69,0.9680328260651997,0.9680328260651997,0.9680328260651997,0.0,111110111101111111111101110111,1056440183
70,0.9680328260651997,0.9680328260651997,0.9680328260651997,0.0,111110111101111111111101110111,1056440183
71,0.9680328260651997,0.9680328260651997,0.9680328260651997,0.0,111110111101111111111101110111,1056440183
72,0.9680328260651997,0.5385895296858956,0.9250884964272693,0.01392655831429638,111110111101111111111101110111,1056440183
73,0.9680328260651997,0.9680328260651997,0.9680328260651997,0.0,111110111101111111111101110111,1056440183
74,0.9680328260651997,0.9680328260651997,0.9680328260651997,0.0,111110111101111111111101110111,1056440183
75,0.9680328260651997,0.9680328260651997,0.9680328260651997,0.0,111110111101111111111101110111,1056440183
76,0.9680328260651997,0.960361470846545,0.967259685469273,0.00023773083988632473,111110111101111111111101110111,1056440183
77,0.9680328260651997,0.9680328260651997,0.9680328260651997,0.0,111110111101111111111101110111,1056440183
78,0.9680328260651997,0.9680328260651997,0.9680328260651997,0.0,111110111101111111111101110111,1056440183
79,0.9680328260651997,0.9680328260651997,0.9680328260651997,0.0,111110111101111111111101110111,1056440183
80,0.9680328260651997,0.968031887758053,0.9680327322344849,2.9078783664315823e-08,111110111101111111111101110111,1056440183
81,0.9680328260651997,0.9680328260651997,0.9680328260651997,0.0,111110111101111111111101110111,1056440183
82,0.9680328260651997,0.9677926342786188,0.9679952018079913,7.880207586600491e-06,111110111101111111111101110111,1056440183
83,0.9680328260651997,0.9680328260651997,0.9680328260651997,0.0,111110111101111111111101110111,1056440183
84,0.9680328260651997,0.9680328260651997,0.9680328260651997,0.0,111110111101111111111101110111,1056440183
85,0.9680328260651997,0.9680328260651997,0.9680328260651997,0.0,111110111101111111111101110111,1056440183
86,0.9680328260651997,0.967912726446619,0.9680208161033417,3.722015578057347e-06,111110111101111111111101110111,1056440183
87,0.9680328260651997,0.9680328260651997,0.9680328260651997,0.0,111110111101111111111101110111,1056440183
88,0.9680328260651997,0.9680328223999365,0.9680328256986733,1.135890173586951e-10,111110111101111111111101110111,1056440183
89,0.9680328260651997,0.9680328260651997,0.9680328260651997,0.0,111110111101111111111101110111,1056440183
90,0.9680328260651997,0.8489532519485458,0.9561248686535343,0.0037363186970865445,111110111101111111111101110111,1056440183
91,0.9689938912347474,0.9641933337585996,0.9677449833514945,0.00012586627661673983,111110111111111111111101110111,1056964471
92,0.9689938912347474,0.9680328260651997,0.968321145616064,4.5482368191356163e-05,111110111111111111111101110111,1056964471
93,0.9689938912347474,0.9680328260651997,0.968801678200838,3.96805741019135e-05,111110111111111111111101110111,1056964471
94,0.9689938912347474,0.9689938912347474,0.9689938912347473,0.0,111110111111111111111101110111,1056964471
95,0.9689938912347474,0.9689901361462443,0.9689935157258971,1.1625738796650076e-07,111110111111111111111101110111,1056964471
96,0.9689938912347474,0.9689938912347474,0.9689938912347473,0.0,111110111111111111111101110111,1056964471
97,0.9689938912347474,0.9689938912347474,0.9689938912347473,0.0,111110111111111111111101110111,1056964471
98,0.9689938912347474,0.9689938912347474,0.9689938912347473,0.0,111110111111111111111101110111,1056964471
99,0.9689938912347474,0.967072237732811,0.9688017258845537,5.9506092441624636e-05,111110111111111111111101110111,1056964471
100,0.9689938912347474,0.9689901361462443,0.9689935157258971,1.1625738796650076e-07,111110111111111111111101110111,1056964471
101,0.9689938912347474,0.9680328260651997,0.9688977847177928,2.975747859185335e-05,111110111111111111111101110111,1056964471
102,0.9689938912347474,0.9689938912347474,0.9689938912347473,0.0,111110111111111111111101110111,1056964471
103,0.9689938912347474,0.967072237732811,0.9688017258845537,5.9506092441624636e-05,111110111111111111111101110111,1056964471
104,0.9689941259280205,0.9689938912347474,0.9689939147040747,7.266091237023709e-09,111110111111111111111111110111,1056964599
105,0.9689941259280205,0.9689938912347474,0.9689939616427294,1.1099137159472707e-08,111110111111111111111111110111,1056964599
106,0.9689941259280205,0.9685135336803941,0.9689445177333857,1.4833730207546984e-05,111110111111111111111111110111,1056964599
107,0.9689941259280205,0.9689941259280205,0.9689941259280206,0.0,111110111111111111111111110111,1056964599
108,0.9689941259280205,0.9689791056158447,0.968992623896803,4.6502868459724623e-07,111110111111111111111111110111,1056964599
109,0.9689941259280205,0.9689941259280205,0.9689941259280206,0.0,111110111111111111111111110111,1056964599
110,0.9689941259280205,0.968753814903046,0.9689700948255231,7.440199432089123e-06,111110111111111111111111110111,1056964599
111,0.9689941259280205,0.968992248382632,0.9689939381734817,5.812870384203083e-08,111110111111111111111111110111,1056964599
112,0.9689941259280205,0.9689640854200842,0.9689911218772268,9.300552066410228e-07,111110111111111111111111110111,1056964599
113,0.9689941259280205,0.7385253775942148,0.9444152686830082,0.007283002164477568,111110111111111111111111110111,1056964599
114,0.9689941259280205,0.9689941259280205,0.9689941259280206,0.0,111110111111111111111111110111,1056964599
115,0.9689941259280205,0.9689941259280205,0.9689941259280206,0.0,111110111111111111111111110111,1056964599
116,0.9689941259280205,0.9689941259280205,0.9689941259280206,0.0,111110111111111111111111110111,1056964599
117,0.9689941259280205,0.9613189550807705,0.9682266088432956,0.0002378111934896926,111110111111111111111111110111,1056964599
118,0.9689941259280205,0.9689941259280205,0.9689941259280206,0.0,111110111111111111111111110111,1056964599
119,0.9689941259280205,0.9689941259280205,0.9689941259280206,0.0,111110111111111111111111110111,1056964599
120,0.9689941259280205,0.9689941259280205,0.9689941259280206,0.0,111110111111111111111111110111,1056964599
121,0.9689941259280205,0.9689940965913598,0.9689941229943544,9.082612537070211e-10,111110111111111111111111110111,1056964599
122,0.9689941259280205,0.9689941259280205,0.9689941259280206,0.0,111110111111111111111111110111,1056964599
123,0.9689941259280205,0.5393066293186167,0.9260253762670801,0.013920379752708045,111110111111111111111111110111,1056964599
124,0.9689941259280205,0.9689940672546996,0.9689941200606883,1.8165225074140422e-09,111110111111111111111111110111,1056964599
125,0.9689941259280205,0.968992248382632,0.9689939381734817,5.812870384203083e-08,111110111111111111111111110111,1056964599
126,0.9689941259280205,0.9689791056158447,0.968992623896803,4.6502868459724623e-07,111110111111111111111111110111,1056964599
127,0.9689941259280205,0.8498535017538417,0.9570800635106027,0.0037345033728056194,111110111111111111111111110111,1056964599
128,0.9689941405963509,0.9689941259280205,0.9689941273948536,4.541306289351788e-10,111110111111111111111111111111,1056964607
129,0.9999999850988388,0.9689938912347474,0.9720946942431071,0.000956878344665997,111111111111111111111111110111,1073741815
130,1.0,0.7385253903999001,0.9552490175071853,0.00770060372023371,111111111111111111111111111111,1073741823
131,1.0,0.9999999850988388,0.9999999985098839,4.470348383134315e-10,111111111111111111111111111111,1073741823
132,1.0,1.0,1.0,0.0,111111111111111111111111111111,1073741823
133,1.0,0.9689941405963509,0.9968750014872285,0.0009323039787763529,111111111111111111111111111111,1073741823
134,1.0,0.9999999925494194,0.999999999254942,2.2351742123838394e-10,111111111111111111111111111111,1073741823
135,1.0,0.9999999850988388,0.9999999985098839,4.470348383134315e-10,111111111111111111111111111111,1073741823
136,1.0,0.2499999995343387,0.9249999999534338,0.02432432434065138,111111111111111111111111111111,1073741823
137,1.0,1.0,1.0,0.0,111111111111111111111111111111,1073741823
138,1.0,1.0,1.0,0.0,111111111111111111111111111111,1073741823
139,1.0,1.0,1.0,0.0,111111111111111111111111111111,1073741823
140,1.0,0.9999999962747097,0.999999999627471,1.1175870645585584e-10,111111111111111111111111111111,1073741823
141,1.0,0.9689941405963509,0.9968933106371367,0.0009328722593207263,111111111111111111111111111111,1073741823
142,1.0,1.0,1.0,0.0,111111111111111111111111111111,1073741823
143,1.0,1.0,1.0,0.0,111111111111111111111111111111,1073741823
144,1.0,0.2499999995343387,0.9249999999534338,0.02432432434065138,111111111111111111111111111111,1073741823
145,1.0,0.9999980926522749,0.9999998092652275,5.722044266326387e-08,111111111111111111111111111111,1073741823
146,1.0,0.9999999962747097,0.999999999627471,1.1175870645585584e-10,111111111111111111111111111111,1073741823
147,1.0,0.562499999650754,0.9561523675568424,0.013723521823546908,111111111111111111111111111111,1073741823
148,1.0,0.9999995231628982,0.9999999523162899,1.430511373939902e-08,111111111111111111111111111111,1073741823
149,1.0,1.0,1.0,0.0,111111111111111111111111111111,1073741823
150,1.0,1.0,1.0,0.0,111111111111111111111111111111,1073741823
151,1.0,1.0,1.0,0.0,111111111111111111111111111111,1073741823
152,1.0,0.9999961853063688,0.9999996185306369,1.1444085259437742e-07,111111111111111111111111111111,1073741823
153,1.0,0.999984741269131,0.9999984741269131,4.5776262456026505e-07,111111111111111111111111111111,1073741823
154,1.0,1.0,1.0,0.0,111111111111111111111111111111,1073741823
155,1.0,0.9960975646936348,0.9996097564693635,0.00011711876403093929,111111111111111111111111111111,1073741823
156,1.0,1.0,1.0,0.0,111111111111111111111111111111,1073741823
157,1.0,1.0,1.0,0.0,111111111111111111111111111111,1073741823
158,1.0,1.0,1.0,0.0,111111111111111111111111111111,1073741823
159,1.0,1.0,1.0,0.0,111111111111111111111111111111,1073741823
160,1.0,1.0,1.0,0.0,111111111111111111111111111111,1073741823
161,1.0,1.0,1.0,0.0,111111111111111111111111111111,1073741823
162,1.0,1.0,1.0,0.0,111111111111111111111111111111,1073741823
163,1.0,1.0,1.0,0.0,111111111111111111111111111111,1073741823
164,1.0,1.0,1.0,0.0,111111111111111111111111111111,1073741823
165,1.0,1.0,1.0,0.0,111111111111111111111111111111,1073741823
166,1.0,1.0,1.0,0.0,111111111111111111111111111111,1073741823
167,1.0,1.0,1.0,0.0,111111111111111111111111111111,1073741823
168,1.0,0.9999389657750157,0.9999938727356451,1.8302570389682856e-06,111111111111111111111111111111,1073741823
169,1.0,0.7656249997962732,0.9765624522959172,0.007199998730381831,111111111111111111111111111111,1073741823
170,1.0,0.9999999981373549,0.9999999998137354,5.587935530959613e-11,111111111111111111111111111111,1073741823
171,1.0,0.9998779334126766,0.9999877694994111,3.66125457051108e-06,111111111111111111111111111111,1073741823
172,1.0,0.992202758781815,0.9992202758781815,0.00023409976978296525,111111111111111111111111111111,1073741823
173,1.0,1.0,1.0,0.0,111111111111111111111111111111,1073741823
174,1.0,0.9998779334126766,0.9999877933412676,3.66204232100098e-06,111111111111111111111111111111,1073741823
175,1.0,1.0,1.0,0.0,111111111111111111111111111111,1073741823
176,1.0,0.9998779334126766,0.999987030403269,3.643720512161141e-06,111111111111111111111111111111,1073741823
177,1.0,0.7656249997962732,0.9764648675713943,0.007197448782597778,111111111111111111111111111111,1073741823
178,1.0,1.0,1.0,0.0,111111111111111111111111111111,1073741823
179,1.0,0.9999999962747097,0.999999999627471,1.1175870645585584e-10,111111111111111111111111111111,1073741823
180,1.0,0.9960975646936348,0.9996067047348312,0.00011702089701829489,111111111111111111111111111111,1073741823
181,1.0,1.0,1.0,0.0,111111111111111111111111111111,1073741823
182,1.0,1.0,1.0,0.0,111111111111111111111111111111,1073741823
183,1.0,1.0,1.0,0.0,111111111111111111111111111111,1073741823
184,1.0,0.9689941405963509,0.9968994140596351,0.0009330688422431233,111111111111111111111111111111,1073741823
185,1.0,0.9998779334126766,0.9999877933412676,3.66204232100098e-06,111111111111111111111111111111,1073741823
186,1.0,1.0,1.0,0.0,111111111111111111111111111111,1073741823
187,1.0,1.0,1.0,0.0,111111111111111111111111111111,1073741823
188,1.0,1.0,1.0,0.0,111111111111111111111111111111,1073741823
189,1.0,1.0,1.0,0.0,111111111111111111111111111111,1073741823
190,1.0,0.9998779334126766,0.9999877933412676,3.66204232100098e-06,111111111111111111111111111111,1073741823
191,1.0,1.0,1.0,0.0,111111111111111111111111111111,1073741823
192,1.0,1.0,1.0,0.0,111111111111111111111111111111,1073741823
193,1.0,1.0,1.0,0.0,111111111111111111111111111111,1073741823
194,1.0,0.9999999962747097,0.999999999627471,1.1175870645585584e-10,111111111111111111111111111111,1073741823
195,1.0,1.0,1.0,0.0,111111111111111111111111111111,1073741823
196,1.0,1.0,1.0,0.0,111111111111111111111111111111,1073741823
197,1.0,0.99902367591767,0.9998901609330346,2.9114411532352398e-05,111111111111111111111111111111,1073741823
198,1.0,1.0,1.0,0.0,111111111111111111111111111111,1073741823
199,1.0,1.0,1.0,0.0,111111111111111111111111111111,1073741823
200,1.0,1.0,1.0,0.0,111111111111111111111111111111,1073741823
