ciudad_partida,distancia_km
La Plata,9870.0
San Fernando del Valle de Catamarca,10658.08
Resistencia,10300.1
Rawson,9666.37
Córdoba,9791.95
Corrientes,10301.64
Paraná,9897.17
Formosa,10479.11
San Salvador de Jujuy,10234.88
Santa Rosa,10193.76
La Rioja,10244.98
Mendoza,10797.43
Posadas,10177.01
Neuquén,9352.71
Viedma,10034.95
Salta,10287.88
San Juan,10671.87
San Luis,9886.78
Río Gallegos,9666.37
Santa Fe,9922.3
Santiago del Estero,10434.82
Ushuaia,9629.13
San Miguel de Tucumán,10287.88
