subconjunto_binario,objetos,volumen_total,valor_total,valido,es_optimo
0000000000,Ninguno,0,0,True,False
0000000001,1,150,20,True,False
0000000010,2,325,40,True,False
0000000011,"1, 2",475,60,True,False
0000000100,3,600,50,True,False
0000000101,"1, 3",750,70,True,False
0000000110,"2, 3",925,90,True,False
0000000111,"1, 2, 3",1075,110,True,False
0000001000,4,805,36,True,False
0000001001,"1, 4",955,56,True,False
0000001010,"2, 4",1130,76,True,False
0000001011,"1, 2, 4",1280,96,True,False
0000001100,"3, 4",1405,86,True,False
0000001101,"1, 3, 4",1555,106,True,False
0000001110,"2, 3, 4",1730,126,True,False
0000001111,"1, 2, 3, 4",1880,146,True,False
0000010000,5,430,25,True,False
0000010001,"1, 5",580,45,True,False
0000010010,"2, 5",755,65,True,False
0000010011,"1, 2, 5",905,85,True,False
0000010100,"3, 5",1030,75,True,False
0000010101,"1, 3, 5",1180,95,True,False
0000010110,"2, 3, 5",1355,115,True,False
0000010111,"1, 2, 3, 5",1505,135,True,False
0000011000,"4, 5",1235,61,True,False
0000011001,"1, 4, 5",1385,81,True,False
0000011010,"2, 4, 5",1560,101,True,False
0000011011,"1, 2, 4, 5",1710,121,True,False
0000011100,"3, 4, 5",1835,111,True,False
0000011101,"1, 3, 4, 5",1985,131,True,False
0000011110,"2, 3, 4, 5",2160,151,True,False
0000011111,"1, 2, 3, 4, 5",2310,171,True,False
0000100000,6,1200,64,True,False
0000100001,"1, 6",1350,84,True,False
0000100010,"2, 6",1525,104,True,False
0000100011,"1, 2, 6",1675,124,True,False
0000100100,"3, 6",1800,114,True,False
0000100101,"1, 3, 6",1950,134,True,False
0000100110,"2, 3, 6",2125,154,True,False
0000100111,"1, 2, 3, 6",2275,174,True,False
0000101000,"4, 6",2005,100,True,False
0000101001,"1, 4, 6",2155,120,True,False
0000101010,"2, 4, 6",2330,140,True,False
0000101011,"1, 2, 4, 6",2480,160,True,False
0000101100,"3, 4, 6",2605,150,True,False
0000101101,"1, 3, 4, 6",2755,170,True,False
0000101110,"2, 3, 4, 6",2930,190,True,False
0000101111,"1, 2, 3, 4, 6",3080,210,True,False
0000110000,"5, 6",1630,89,True,False
0000110001,"1, 5, 6",1780,109,True,False
0000110010,"2, 5, 6",1955,129,True,False
0000110011,"1, 2, 5, 6",2105,149,True,False
0000110100,"3, 5, 6",2230,139,True,False
0000110101,"1, 3, 5, 6",2380,159,True,False
0000110110,"2, 3, 5, 6",2555,179,True,False
0000110111,"1, 2, 3, 5, 6",2705,199,True,False
0000111000,"4, 5, 6",2435,125,True,False
0000111001,"1, 4, 5, 6",2585,145,True,False
0000111010,"2, 4, 5, 6",2760,165,True,False
0000111011,"1, 2, 4, 5, 6",2910,185,True,False
0000111100,"3, 4, 5, 6",3035,175,True,False
0000111101,"1, 3, 4, 5, 6",3185,195,True,False
0000111110,"2, 3, 4, 5, 6",3360,215,True,False
0000111111,"1, 2, 3, 4, 5, 6",3510,235,True,False
0001000000,7,770,54,True,False
0001000001,"1, 7",920,74,True,False
0001000010,"2, 7",1095,94,True,False
0001000011,"1, 2, 7",1245,114,True,False
0001000100,"3, 7",1370,104,True,False
0001000101,"1, 3, 7",1520,124,True,False
0001000110,"2, 3, 7",1695,144,True,False
0001000111,"1, 2, 3, 7",1845,164,True,False
0001001000,"4, 7",1575,90,True,False
0001001001,"1, 4, 7",1725,110,True,False
0001001010,"2, 4, 7",1900,130,True,False
0001001011,"1, 2, 4, 7",2050,150,True,False
0001001100,"3, 4, 7",2175,140,True,False
0001001101,"1, 3, 4, 7",2325,160,True,False
0001001110,"2, 3, 4, 7",2500,180,True,False
0001001111,"1, 2, 3, 4, 7",2650,200,True,False
0001010000,"5, 7",1200,79,True,False
0001010001,"1, 5, 7",1350,99,True,False
0001010010,"2, 5, 7",1525,119,True,False
0001010011,"1, 2, 5, 7",1675,139,True,False
0001010100,"3, 5, 7",1800,129,True,False
0001010101,"1, 3, 5, 7",1950,149,True,False
0001010110,"2, 3, 5, 7",2125,169,True,False
0001010111,"1, 2, 3, 5, 7",2275,189,True,False
0001011000,"4, 5, 7",2005,115,True,False
0001011001,"1, 4, 5, 7",2155,135,True,False
0001011010,"2, 4, 5, 7",2330,155,True,False
0001011011,"1, 2, 4, 5, 7",2480,175,True,False
0001011100,"3, 4, 5, 7",2605,165,True,False
0001011101,"1, 3, 4, 5, 7",2755,185,True,False
0001011110,"2, 3, 4, 5, 7",2930,205,True,False
0001011111,"1, 2, 3, 4, 5, 7",3080,225,True,False
0001100000,"6, 7",1970,118,True,False
0001100001,"1, 6, 7",2120,138,True,False
0001100010,"2, 6, 7",2295,158,True,False
0001100011,"1, 2, 6, 7",2445,178,True,False
0001100100,"3, 6, 7",2570,168,True,False
0001100101,"1, 3, 6, 7",2720,188,True,False
0001100110,"2, 3, 6, 7",2895,208,True,False
0001100111,"1, 2, 3, 6, 7",3045,228,True,False
0001101000,"4, 6, 7",2775,154,True,False
0001101001,"1, 4, 6, 7",2925,174,True,False
0001101010,"2, 4, 6, 7",3100,194,True,False
0001101011,"1, 2, 4, 6, 7",3250,214,True,False
0001101100,"3, 4, 6, 7",3375,204,True,False
0001101101,"1, 3, 4, 6, 7",3525,224,True,False
0001101110,"2, 3, 4, 6, 7",3700,244,True,False
0001101111,"1, 2, 3, 4, 6, 7",3850,264,True,False
0001110000,"5, 6, 7",2400,143,True,False
0001110001,"1, 5, 6, 7",2550,163,True,False
0001110010,"2, 5, 6, 7",2725,183,True,False
0001110011,"1, 2, 5, 6, 7",2875,203,True,False
0001110100,"3, 5, 6, 7",3000,193,True,False
0001110101,"1, 3, 5, 6, 7",3150,213,True,False
0001110110,"2, 3, 5, 6, 7",3325,233,True,False
0001110111,"1, 2, 3, 5, 6, 7",3475,253,True,False
0001111000,"4, 5, 6, 7",3205,179,True,False
0001111001,"1, 4, 5, 6, 7",3355,199,True,False
0001111010,"2, 4, 5, 6, 7",3530,219,True,False
0001111011,"1, 2, 4, 5, 6, 7",3680,239,True,False
0001111100,"3, 4, 5, 6, 7",3805,229,True,False
0001111101,"1, 3, 4, 5, 6, 7",3955,249,True,False
0001111110,"2, 3, 4, 5, 6, 7",4130,269,True,False
0001111111,"1, 2, 3, 4, 5, 6, 7",4280,289,False,False
0010000000,8,60,18,True,False
0010000001,"1, 8",210,38,True,False
0010000010,"2, 8",385,58,True,False
0010000011,"1, 2, 8",535,78,True,False
0010000100,"3, 8",660,68,True,False
0010000101,"1, 3, 8",810,88,True,False
0010000110,"2, 3, 8",985,108,True,False
0010000111,"1, 2, 3, 8",1135,128,True,False
0010001000,"4, 8",865,54,True,False
0010001001,"1, 4, 8",1015,74,True,False
0010001010,"2, 4, 8",1190,94,True,False
0010001011,"1, 2, 4, 8",1340,114,True,False
0010001100,"3, 4, 8",1465,104,True,False
0010001101,"1, 3, 4, 8",1615,124,True,False
0010001110,"2, 3, 4, 8",1790,144,True,False
0010001111,"1, 2, 3, 4, 8",1940,164,True,False
0010010000,"5, 8",490,43,True,False
0010010001,"1, 5, 8",640,63,True,False
0010010010,"2, 5, 8",815,83,True,False
0010010011,"1, 2, 5, 8",965,103,True,False
0010010100,"3, 5, 8",1090,93,True,False
0010010101,"1, 3, 5, 8",1240,113,True,False
0010010110,"2, 3, 5, 8",1415,133,True,False
0010010111,"1, 2, 3, 5, 8",1565,153,True,False
0010011000,"4, 5, 8",1295,79,True,False
0010011001,"1, 4, 5, 8",1445,99,True,False
0010011010,"2, 4, 5, 8",1620,119,True,False
0010011011,"1, 2, 4, 5, 8",1770,139,True,False
0010011100,"3, 4, 5, 8",1895,129,True,False
0010011101,"1, 3, 4, 5, 8",2045,149,True,False
0010011110,"2, 3, 4, 5, 8",2220,169,True,False
0010011111,"1, 2, 3, 4, 5, 8",2370,189,True,False
0010100000,"6, 8",1260,82,True,False
0010100001,"1, 6, 8",1410,102,True,False
0010100010,"2, 6, 8",1585,122,True,False
0010100011,"1, 2, 6, 8",1735,142,True,False
0010100100,"3, 6, 8",1860,132,True,False
0010100101,"1, 3, 6, 8",2010,152,True,False
0010100110,"2, 3, 6, 8",2185,172,True,False
0010100111,"1, 2, 3, 6, 8",2335,192,True,False
0010101000,"4, 6, 8",2065,118,True,False
0010101001,"1, 4, 6, 8",2215,138,True,False
0010101010,"2, 4, 6, 8",2390,158,True,False
0010101011,"1, 2, 4, 6, 8",2540,178,True,False
0010101100,"3, 4, 6, 8",2665,168,True,False
0010101101,"1, 3, 4, 6, 8",2815,188,True,False
0010101110,"2, 3, 4, 6, 8",2990,208,True,False
0010101111,"1, 2, 3, 4, 6, 8",3140,228,True,False
0010110000,"5, 6, 8",1690,107,True,False
0010110001,"1, 5, 6, 8",1840,127,True,False
0010110010,"2, 5, 6, 8",2015,147,True,False
0010110011,"1, 2, 5, 6, 8",2165,167,True,False
0010110100,"3, 5, 6, 8",2290,157,True,False
0010110101,"1, 3, 5, 6, 8",2440,177,True,False
0010110110,"2, 3, 5, 6, 8",2615,197,True,False
0010110111,"1, 2, 3, 5, 6, 8",2765,217,True,False
0010111000,"4, 5, 6, 8",2495,143,True,False
0010111001,"1, 4, 5, 6, 8",2645,163,True,False
0010111010,"2, 4, 5, 6, 8",2820,183,True,False
0010111011,"1, 2, 4, 5, 6, 8",2970,203,True,False
0010111100,"3, 4, 5, 6, 8",3095,193,True,False
0010111101,"1, 3, 4, 5, 6, 8",3245,213,True,False
0010111110,"2, 3, 4, 5, 6, 8",3420,233,True,False
0010111111,"1, 2, 3, 4, 5, 6, 8",3570,253,True,False
0011000000,"7, 8",830,72,True,False
0011000001,"1, 7, 8",980,92,True,False
0011000010,"2, 7, 8",1155,112,True,False
0011000011,"1, 2, 7, 8",1305,132,True,False
0011000100,"3, 7, 8",1430,122,True,False
0011000101,"1, 3, 7, 8",1580,142,True,False
0011000110,"2, 3, 7, 8",1755,162,True,False
0011000111,"1, 2, 3, 7, 8",1905,182,True,False
0011001000,"4, 7, 8",1635,108,True,False
0011001001,"1, 4, 7, 8",1785,128,True,False
0011001010,"2, 4, 7, 8",1960,148,True,False
0011001011,"1, 2, 4, 7, 8",2110,168,True,False
0011001100,"3, 4, 7, 8",2235,158,True,False
0011001101,"1, 3, 4, 7, 8",2385,178,True,False
0011001110,"2, 3, 4, 7, 8",2560,198,True,False
0011001111,"1, 2, 3, 4, 7, 8",2710,218,True,False
0011010000,"5, 7, 8",1260,97,True,False
0011010001,"1, 5, 7, 8",1410,117,True,False
0011010010,"2, 5, 7, 8",1585,137,True,False
0011010011,"1, 2, 5, 7, 8",1735,157,True,False
0011010100,"3, 5, 7, 8",1860,147,True,False
0011010101,"1, 3, 5, 7, 8",2010,167,True,False
0011010110,"2, 3, 5, 7, 8",2185,187,True,False
0011010111,"1, 2, 3, 5, 7, 8",2335,207,True,False
0011011000,"4, 5, 7, 8",2065,133,True,False
0011011001,"1, 4, 5, 7, 8",2215,153,True,False
0011011010,"2, 4, 5, 7, 8",2390,173,True,False
0011011011,"1, 2, 4, 5, 7, 8",2540,193,True,False
0011011100,"3, 4, 5, 7, 8",2665,183,True,False
0011011101,"1, 3, 4, 5, 7, 8",2815,203,True,False
0011011110,"2, 3, 4, 5, 7, 8",2990,223,True,False
0011011111,"1, 2, 3, 4, 5, 7, 8",3140,243,True,False
0011100000,"6, 7, 8",2030,136,True,False
0011100001,"1, 6, 7, 8",2180,156,True,False
0011100010,"2, 6, 7, 8",2355,176,True,False
0011100011,"1, 2, 6, 7, 8",2505,196,True,False
0011100100,"3, 6, 7, 8",2630,186,True,False
0011100101,"1, 3, 6, 7, 8",2780,206,True,False
0011100110,"2, 3, 6, 7, 8",2955,226,True,False
0011100111,"1, 2, 3, 6, 7, 8",3105,246,True,False
0011101000,"4, 6, 7, 8",2835,172,True,False
0011101001,"1, 4, 6, 7, 8",2985,192,True,False
0011101010,"2, 4, 6, 7, 8",3160,212,True,False
0011101011,"1, 2, 4, 6, 7, 8",3310,232,True,False
0011101100,"3, 4, 6, 7, 8",3435,222,True,False
0011101101,"1, 3, 4, 6, 7, 8",3585,242,True,False
0011101110,"2, 3, 4, 6, 7, 8",3760,262,True,False
0011101111,"1, 2, 3, 4, 6, 7, 8",3910,282,True,False
0011110000,"5, 6, 7, 8",2460,161,True,False
0011110001,"1, 5, 6, 7, 8",2610,181,True,False
0011110010,"2, 5, 6, 7, 8",2785,201,True,False
0011110011,"1, 2, 5, 6, 7, 8",2935,221,True,False
0011110100,"3, 5, 6, 7, 8",3060,211,True,False
0011110101,"1, 3, 5, 6, 7, 8",3210,231,True,False
0011110110,"2, 3, 5, 6, 7, 8",3385,251,True,False
0011110111,"1, 2, 3, 5, 6, 7, 8",3535,271,True,False
0011111000,"4, 5, 6, 7, 8",3265,197,True,False
0011111001,"1, 4, 5, 6, 7, 8",3415,217,True,False
0011111010,"2, 4, 5, 6, 7, 8",3590,237,True,False
0011111011,"1, 2, 4, 5, 6, 7, 8",3740,257,True,False
0011111100,"3, 4, 5, 6, 7, 8",3865,247,True,False
0011111101,"1, 3, 4, 5, 6, 7, 8",4015,267,True,False
0011111110,"2, 3, 4, 5, 6, 7, 8",4190,287,True,False
0011111111,"1, 2, 3, 4, 5, 6, 7, 8",4340,307,False,False
0100000000,9,930,46,True,False
0100000001,"1, 9",1080,66,True,False
0100000010,"2, 9",1255,86,True,False
0100000011,"1, 2, 9",1405,106,True,False
0100000100,"3, 9",1530,96,True,False
0100000101,"1, 3, 9",1680,116,True,False
0100000110,"2, 3, 9",1855,136,True,False
0100000111,"1, 2, 3, 9",2005,156,True,False
0100001000,"4, 9",1735,82,True,False
0100001001,"1, 4, 9",1885,102,True,False
0100001010,"2, 4, 9",2060,122,True,False
0100001011,"1, 2, 4, 9",2210,142,True,False
0100001100,"3, 4, 9",2335,132,True,False
0100001101,"1, 3, 4, 9",2485,152,True,False
0100001110,"2, 3, 4, 9",2660,172,True,False
0100001111,"1, 2, 3, 4, 9",2810,192,True,False
0100010000,"5, 9",1360,71,True,False
0100010001,"1, 5, 9",1510,91,True,False
0100010010,"2, 5, 9",1685,111,True,False
0100010011,"1, 2, 5, 9",1835,131,True,False
0100010100,"3, 5, 9",1960,121,True,False
0100010101,"1, 3, 5, 9",2110,141,True,False
0100010110,"2, 3, 5, 9",2285,161,True,False
0100010111,"1, 2, 3, 5, 9",2435,181,True,False
0100011000,"4, 5, 9",2165,107,True,False
0100011001,"1, 4, 5, 9",2315,127,True,False
0100011010,"2, 4, 5, 9",2490,147,True,False
0100011011,"1, 2, 4, 5, 9",2640,167,True,False
0100011100,"3, 4, 5, 9",2765,157,True,False
0100011101,"1, 3, 4, 5, 9",2915,177,True,False
0100011110,"2, 3, 4, 5, 9",3090,197,True,False
0100011111,"1, 2, 3, 4, 5, 9",3240,217,True,False
0100100000,"6, 9",2130,110,True,False
0100100001,"1, 6, 9",2280,130,True,False
0100100010,"2, 6, 9",2455,150,True,False
0100100011,"1, 2, 6, 9",2605,170,True,False
0100100100,"3, 6, 9",2730,160,True,False
0100100101,"1, 3, 6, 9",2880,180,True,False
0100100110,"2, 3, 6, 9",3055,200,True,False
0100100111,"1, 2, 3, 6, 9",3205,220,True,False
0100101000,"4, 6, 9",2935,146,True,False
0100101001,"1, 4, 6, 9",3085,166,True,False
0100101010,"2, 4, 6, 9",3260,186,True,False
0100101011,"1, 2, 4, 6, 9",3410,206,True,False
0100101100,"3, 4, 6, 9",3535,196,True,False
0100101101,"1, 3, 4, 6, 9",3685,216,True,False
0100101110,"2, 3, 4, 6, 9",3860,236,True,False
0100101111,"1, 2, 3, 4, 6, 9",4010,256,True,False
0100110000,"5, 6, 9",2560,135,True,False
0100110001,"1, 5, 6, 9",2710,155,True,False
0100110010,"2, 5, 6, 9",2885,175,True,False
0100110011,"1, 2, 5, 6, 9",3035,195,True,False
0100110100,"3, 5, 6, 9",3160,185,True,False
0100110101,"1, 3, 5, 6, 9",3310,205,True,False
0100110110,"2, 3, 5, 6, 9",3485,225,True,False
0100110111,"1, 2, 3, 5, 6, 9",3635,245,True,False
0100111000,"4, 5, 6, 9",3365,171,True,False
0100111001,"1, 4, 5, 6, 9",3515,191,True,False
0100111010,"2, 4, 5, 6, 9",3690,211,True,False
0100111011,"1, 2, 4, 5, 6, 9",3840,231,True,False
0100111100,"3, 4, 5, 6, 9",3965,221,True,False
0100111101,"1, 3, 4, 5, 6, 9",4115,241,True,False
0100111110,"2, 3, 4, 5, 6, 9",4290,261,False,False
0100111111,"1, 2, 3, 4, 5, 6, 9",4440,281,False,False
0101000000,"7, 9",1700,100,True,False
0101000001,"1, 7, 9",1850,120,True,False
0101000010,"2, 7, 9",2025,140,True,False
0101000011,"1, 2, 7, 9",2175,160,True,False
0101000100,"3, 7, 9",2300,150,True,False
0101000101,"1, 3, 7, 9",2450,170,True,False
0101000110,"2, 3, 7, 9",2625,190,True,False
0101000111,"1, 2, 3, 7, 9",2775,210,True,False
0101001000,"4, 7, 9",2505,136,True,False
0101001001,"1, 4, 7, 9",2655,156,True,False
0101001010,"2, 4, 7, 9",2830,176,True,False
0101001011,"1, 2, 4, 7, 9",2980,196,True,False
0101001100,"3, 4, 7, 9",3105,186,True,False
0101001101,"1, 3, 4, 7, 9",3255,206,True,False
0101001110,"2, 3, 4, 7, 9",3430,226,True,False
0101001111,"1, 2, 3, 4, 7, 9",3580,246,True,False
0101010000,"5, 7, 9",2130,125,True,False
0101010001,"1, 5, 7, 9",2280,145,True,False
0101010010,"2, 5, 7, 9",2455,165,True,False
0101010011,"1, 2, 5, 7, 9",2605,185,True,False
0101010100,"3, 5, 7, 9",2730,175,True,False
0101010101,"1, 3, 5, 7, 9",2880,195,True,False
0101010110,"2, 3, 5, 7, 9",3055,215,True,False
0101010111,"1, 2, 3, 5, 7, 9",3205,235,True,False
0101011000,"4, 5, 7, 9",2935,161,True,False
0101011001,"1, 4, 5, 7, 9",3085,181,True,False
0101011010,"2, 4, 5, 7, 9",3260,201,True,False
0101011011,"1, 2, 4, 5, 7, 9",3410,221,True,False
0101011100,"3, 4, 5, 7, 9",3535,211,True,False
0101011101,"1, 3, 4, 5, 7, 9",3685,231,True,False
0101011110,"2, 3, 4, 5, 7, 9",3860,251,True,False
0101011111,"1, 2, 3, 4, 5, 7, 9",4010,271,True,False
0101100000,"6, 7, 9",2900,164,True,False
0101100001,"1, 6, 7, 9",3050,184,True,False
0101100010,"2, 6, 7, 9",3225,204,True,False
0101100011,"1, 2, 6, 7, 9",3375,224,True,False
0101100100,"3, 6, 7, 9",3500,214,True,False
0101100101,"1, 3, 6, 7, 9",3650,234,True,False
0101100110,"2, 3, 6, 7, 9",3825,254,True,False
0101100111,"1, 2, 3, 6, 7, 9",3975,274,True,False
0101101000,"4, 6, 7, 9",3705,200,True,False
0101101001,"1, 4, 6, 7, 9",3855,220,True,False
0101101010,"2, 4, 6, 7, 9",4030,240,True,False
0101101011,"1, 2, 4, 6, 7, 9",4180,260,True,False
0101101100,"3, 4, 6, 7, 9",4305,250,False,False
0101101101,"1, 3, 4, 6, 7, 9",4455,270,False,False
0101101110,"2, 3, 4, 6, 7, 9",4630,290,False,False
0101101111,"1, 2, 3, 4, 6, 7, 9",4780,310,False,False
0101110000,"5, 6, 7, 9",3330,189,True,False
0101110001,"1, 5, 6, 7, 9",3480,209,True,False
0101110010,"2, 5, 6, 7, 9",3655,229,True,False
0101110011,"1, 2, 5, 6, 7, 9",3805,249,True,False
0101110100,"3, 5, 6, 7, 9",3930,239,True,False
0101110101,"1, 3, 5, 6, 7, 9",4080,259,True,False
0101110110,"2, 3, 5, 6, 7, 9",4255,279,False,False
0101110111,"1, 2, 3, 5, 6, 7, 9",4405,299,False,False
0101111000,"4, 5, 6, 7, 9",4135,225,True,False
0101111001,"1, 4, 5, 6, 7, 9",4285,245,False,False
0101111010,"2, 4, 5, 6, 7, 9",4460,265,False,False
0101111011,"1, 2, 4, 5, 6, 7, 9",4610,285,False,False
0101111100,"3, 4, 5, 6, 7, 9",4735,275,False,False
0101111101,"1, 3, 4, 5, 6, 7, 9",4885,295,False,False
0101111110,"2, 3, 4, 5, 6, 7, 9",5060,315,False,False
0101111111,"1, 2, 3, 4, 5, 6, 7, 9",5210,335,False,False
0110000000,"8, 9",990,64,True,False
0110000001,"1, 8, 9",1140,84,True,False
0110000010,"2, 8, 9",1315,104,True,False
0110000011,"1, 2, 8, 9",1465,124,True,False
0110000100,"3, 8, 9",1590,114,True,False
0110000101,"1, 3, 8, 9",1740,134,True,False
0110000110,"2, 3, 8, 9",1915,154,True,False
0110000111,"1, 2, 3, 8, 9",2065,174,True,False
0110001000,"4, 8, 9",1795,100,True,False
0110001001,"1, 4, 8, 9",1945,120,True,False
0110001010,"2, 4, 8, 9",2120,140,True,False
0110001011,"1, 2, 4, 8, 9",2270,160,True,False
0110001100,"3, 4, 8, 9",2395,150,True,False
0110001101,"1, 3, 4, 8, 9",2545,170,True,False
0110001110,"2, 3, 4, 8, 9",2720,190,True,False
0110001111,"1, 2, 3, 4, 8, 9",2870,210,True,False
0110010000,"5, 8, 9",1420,89,True,False
0110010001,"1, 5, 8, 9",1570,109,True,False
0110010010,"2, 5, 8, 9",1745,129,True,False
0110010011,"1, 2, 5, 8, 9",1895,149,True,False
0110010100,"3, 5, 8, 9",2020,139,True,False
0110010101,"1, 3, 5, 8, 9",2170,159,True,False
0110010110,"2, 3, 5, 8, 9",2345,179,True,False
0110010111,"1, 2, 3, 5, 8, 9",2495,199,True,False
0110011000,"4, 5, 8, 9",2225,125,True,False
0110011001,"1, 4, 5, 8, 9",2375,145,True,False
0110011010,"2, 4, 5, 8, 9",2550,165,True,False
0110011011,"1, 2, 4, 5, 8, 9",2700,185,True,False
0110011100,"3, 4, 5, 8, 9",2825,175,True,False
0110011101,"1, 3, 4, 5, 8, 9",2975,195,True,False
0110011110,"2, 3, 4, 5, 8, 9",3150,215,True,False
0110011111,"1, 2, 3, 4, 5, 8, 9",3300,235,True,False
0110100000,"6, 8, 9",2190,128,True,False
0110100001,"1, 6, 8, 9",2340,148,True,False
0110100010,"2, 6, 8, 9",2515,168,True,False
0110100011,"1, 2, 6, 8, 9",2665,188,True,False
0110100100,"3, 6, 8, 9",2790,178,True,False
0110100101,"1, 3, 6, 8, 9",2940,198,True,False
0110100110,"2, 3, 6, 8, 9",3115,218,True,False
0110100111,"1, 2, 3, 6, 8, 9",3265,238,True,False
0110101000,"4, 6, 8, 9",2995,164,True,False
0110101001,"1, 4, 6, 8, 9",3145,184,True,False
0110101010,"2, 4, 6, 8, 9",3320,204,True,False
0110101011,"1, 2, 4, 6, 8, 9",3470,224,True,False
0110101100,"3, 4, 6, 8, 9",3595,214,True,False
0110101101,"1, 3, 4, 6, 8, 9",3745,234,True,False
0110101110,"2, 3, 4, 6, 8, 9",3920,254,True,False
0110101111,"1, 2, 3, 4, 6, 8, 9",4070,274,True,False
0110110000,"5, 6, 8, 9",2620,153,True,False
0110110001,"1, 5, 6, 8, 9",2770,173,True,False
0110110010,"2, 5, 6, 8, 9",2945,193,True,False
0110110011,"1, 2, 5, 6, 8, 9",3095,213,True,False
0110110100,"3, 5, 6, 8, 9",3220,203,True,False
0110110101,"1, 3, 5, 6, 8, 9",3370,223,True,False
0110110110,"2, 3, 5, 6, 8, 9",3545,243,True,False
0110110111,"1, 2, 3, 5, 6, 8, 9",3695,263,True,False
0110111000,"4, 5, 6, 8, 9",3425,189,True,False
0110111001,"1, 4, 5, 6, 8, 9",3575,209,True,False
0110111010,"2, 4, 5, 6, 8, 9",3750,229,True,False
0110111011,"1, 2, 4, 5, 6, 8, 9",3900,249,True,False
0110111100,"3, 4, 5, 6, 8, 9",4025,239,True,False
0110111101,"1, 3, 4, 5, 6, 8, 9",4175,259,True,False
0110111110,"2, 3, 4, 5, 6, 8, 9",4350,279,False,False
0110111111,"1, 2, 3, 4, 5, 6, 8, 9",4500,299,False,False
0111000000,"7, 8, 9",1760,118,True,False
0111000001,"1, 7, 8, 9",1910,138,True,False
0111000010,"2, 7, 8, 9",2085,158,True,False
0111000011,"1, 2, 7, 8, 9",2235,178,True,False
0111000100,"3, 7, 8, 9",2360,168,True,False
0111000101,"1, 3, 7, 8, 9",2510,188,True,False
0111000110,"2, 3, 7, 8, 9",2685,208,True,False
0111000111,"1, 2, 3, 7, 8, 9",2835,228,True,False
0111001000,"4, 7, 8, 9",2565,154,True,False
0111001001,"1, 4, 7, 8, 9",2715,174,True,False
0111001010,"2, 4, 7, 8, 9",2890,194,True,False
0111001011,"1, 2, 4, 7, 8, 9",3040,214,True,False
0111001100,"3, 4, 7, 8, 9",3165,204,True,False
0111001101,"1, 3, 4, 7, 8, 9",3315,224,True,False
0111001110,"2, 3, 4, 7, 8, 9",3490,244,True,False
0111001111,"1, 2, 3, 4, 7, 8, 9",3640,264,True,False
0111010000,"5, 7, 8, 9",2190,143,True,False
0111010001,"1, 5, 7, 8, 9",2340,163,True,False
0111010010,"2, 5, 7, 8, 9",2515,183,True,False
0111010011,"1, 2, 5, 7, 8, 9",2665,203,True,False
0111010100,"3, 5, 7, 8, 9",2790,193,True,False
0111010101,"1, 3, 5, 7, 8, 9",2940,213,True,False
0111010110,"2, 3, 5, 7, 8, 9",3115,233,True,False
0111010111,"1, 2, 3, 5, 7, 8, 9",3265,253,True,False
0111011000,"4, 5, 7, 8, 9",2995,179,True,False
0111011001,"1, 4, 5, 7, 8, 9",3145,199,True,False
0111011010,"2, 4, 5, 7, 8, 9",3320,219,True,False
0111011011,"1, 2, 4, 5, 7, 8, 9",3470,239,True,False
0111011100,"3, 4, 5, 7, 8, 9",3595,229,True,False
0111011101,"1, 3, 4, 5, 7, 8, 9",3745,249,True,False
0111011110,"2, 3, 4, 5, 7, 8, 9",3920,269,True,False
0111011111,"1, 2, 3, 4, 5, 7, 8, 9",4070,289,True,False
0111100000,"6, 7, 8, 9",2960,182,True,False
0111100001,"1, 6, 7, 8, 9",3110,202,True,False
0111100010,"2, 6, 7, 8, 9",3285,222,True,False
0111100011,"1, 2, 6, 7, 8, 9",3435,242,True,False
0111100100,"3, 6, 7, 8, 9",3560,232,True,False
0111100101,"1, 3, 6, 7, 8, 9",3710,252,True,False
0111100110,"2, 3, 6, 7, 8, 9",3885,272,True,False
0111100111,"1, 2, 3, 6, 7, 8, 9",4035,292,True,False
0111101000,"4, 6, 7, 8, 9",3765,218,True,False
0111101001,"1, 4, 6, 7, 8, 9",3915,238,True,False
0111101010,"2, 4, 6, 7, 8, 9",4090,258,True,False
0111101011,"1, 2, 4, 6, 7, 8, 9",4240,278,False,False
0111101100,"3, 4, 6, 7, 8, 9",4365,268,False,False
0111101101,"1, 3, 4, 6, 7, 8, 9",4515,288,False,False
0111101110,"2, 3, 4, 6, 7, 8, 9",4690,308,False,False
0111101111,"1, 2, 3, 4, 6, 7, 8, 9",4840,328,False,False
0111110000,"5, 6, 7, 8, 9",3390,207,True,False
0111110001,"1, 5, 6, 7, 8, 9",3540,227,True,False
0111110010,"2, 5, 6, 7, 8, 9",3715,247,True,False
0111110011,"1, 2, 5, 6, 7, 8, 9",3865,267,True,False
0111110100,"3, 5, 6, 7, 8, 9",3990,257,True,False
0111110101,"1, 3, 5, 6, 7, 8, 9",4140,277,True,False
0111110110,"2, 3, 5, 6, 7, 8, 9",4315,297,False,False
0111110111,"1, 2, 3, 5, 6, 7, 8, 9",4465,317,False,False
0111111000,"4, 5, 6, 7, 8, 9",4195,243,True,False
0111111001,"1, 4, 5, 6, 7, 8, 9",4345,263,False,False
0111111010,"2, 4, 5, 6, 7, 8, 9",4520,283,False,False
0111111011,"1, 2, 4, 5, 6, 7, 8, 9",4670,303,False,False
0111111100,"3, 4, 5, 6, 7, 8, 9",4795,293,False,False
0111111101,"1, 3, 4, 5, 6, 7, 8, 9",4945,313,False,False
0111111110,"2, 3, 4, 5, 6, 7, 8, 9",5120,333,False,False
0111111111,"1, 2, 3, 4, 5, 6, 7, 8, 9",5270,353,False,False
1000000000,10,353,28,True,False
1000000001,"1, 10",503,48,True,False
1000000010,"2, 10",678,68,True,False
1000000011,"1, 2, 10",828,88,True,False
1000000100,"3, 10",953,78,True,False
1000000101,"1, 3, 10",1103,98,True,False
1000000110,"2, 3, 10",1278,118,True,False
1000000111,"1, 2, 3, 10",1428,138,True,False
1000001000,"4, 10",1158,64,True,False
1000001001,"1, 4, 10",1308,84,True,False
1000001010,"2, 4, 10",1483,104,True,False
1000001011,"1, 2, 4, 10",1633,124,True,False
1000001100,"3, 4, 10",1758,114,True,False
1000001101,"1, 3, 4, 10",1908,134,True,False
1000001110,"2, 3, 4, 10",2083,154,True,False
1000001111,"1, 2, 3, 4, 10",2233,174,True,False
1000010000,"5, 10",783,53,True,False
1000010001,"1, 5, 10",933,73,True,False
1000010010,"2, 5, 10",1108,93,True,False
1000010011,"1, 2, 5, 10",1258,113,True,False
1000010100,"3, 5, 10",1383,103,True,False
1000010101,"1, 3, 5, 10",1533,123,True,False
1000010110,"2, 3, 5, 10",1708,143,True,False
1000010111,"1, 2, 3, 5, 10",1858,163,True,False
1000011000,"4, 5, 10",1588,89,True,False
1000011001,"1, 4, 5, 10",1738,109,True,False
1000011010,"2, 4, 5, 10",1913,129,True,False
1000011011,"1, 2, 4, 5, 10",2063,149,True,False
1000011100,"3, 4, 5, 10",2188,139,True,False
1000011101,"1, 3, 4, 5, 10",2338,159,True,False
1000011110,"2, 3, 4, 5, 10",2513,179,True,False
1000011111,"1, 2, 3, 4, 5, 10",2663,199,True,False
1000100000,"6, 10",1553,92,True,False
1000100001,"1, 6, 10",1703,112,True,False
1000100010,"2, 6, 10",1878,132,True,False
1000100011,"1, 2, 6, 10",2028,152,True,False
1000100100,"3, 6, 10",2153,142,True,False
1000100101,"1, 3, 6, 10",2303,162,True,False
1000100110,"2, 3, 6, 10",2478,182,True,False
1000100111,"1, 2, 3, 6, 10",2628,202,True,False
1000101000,"4, 6, 10",2358,128,True,False
1000101001,"1, 4, 6, 10",2508,148,True,False
1000101010,"2, 4, 6, 10",2683,168,True,False
1000101011,"1, 2, 4, 6, 10",2833,188,True,False
1000101100,"3, 4, 6, 10",2958,178,True,False
1000101101,"1, 3, 4, 6, 10",3108,198,True,False
1000101110,"2, 3, 4, 6, 10",3283,218,True,False
1000101111,"1, 2, 3, 4, 6, 10",3433,238,True,False
1000110000,"5, 6, 10",1983,117,True,False
1000110001,"1, 5, 6, 10",2133,137,True,False
1000110010,"2, 5, 6, 10",2308,157,True,False
1000110011,"1, 2, 5, 6, 10",2458,177,True,False
1000110100,"3, 5, 6, 10",2583,167,True,False
1000110101,"1, 3, 5, 6, 10",2733,187,True,False
1000110110,"2, 3, 5, 6, 10",2908,207,True,False
1000110111,"1, 2, 3, 5, 6, 10",3058,227,True,False
1000111000,"4, 5, 6, 10",2788,153,True,False
1000111001,"1, 4, 5, 6, 10",2938,173,True,False
1000111010,"2, 4, 5, 6, 10",3113,193,True,False
1000111011,"1, 2, 4, 5, 6, 10",3263,213,True,False
1000111100,"3, 4, 5, 6, 10",3388,203,True,False
1000111101,"1, 3, 4, 5, 6, 10",3538,223,True,False
1000111110,"2, 3, 4, 5, 6, 10",3713,243,True,False
1000111111,"1, 2, 3, 4, 5, 6, 10",3863,263,True,False
1001000000,"7, 10",1123,82,True,False
1001000001,"1, 7, 10",1273,102,True,False
1001000010,"2, 7, 10",1448,122,True,False
1001000011,"1, 2, 7, 10",1598,142,True,False
1001000100,"3, 7, 10",1723,132,True,False
1001000101,"1, 3, 7, 10",1873,152,True,False
1001000110,"2, 3, 7, 10",2048,172,True,False
1001000111,"1, 2, 3, 7, 10",2198,192,True,False
1001001000,"4, 7, 10",1928,118,True,False
1001001001,"1, 4, 7, 10",2078,138,True,False
1001001010,"2, 4, 7, 10",2253,158,True,False
1001001011,"1, 2, 4, 7, 10",2403,178,True,False
1001001100,"3, 4, 7, 10",2528,168,True,False
1001001101,"1, 3, 4, 7, 10",2678,188,True,False
1001001110,"2, 3, 4, 7, 10",2853,208,True,False
1001001111,"1, 2, 3, 4, 7, 10",3003,228,True,False
1001010000,"5, 7, 10",1553,107,True,False
1001010001,"1, 5, 7, 10",1703,127,True,False
1001010010,"2, 5, 7, 10",1878,147,True,False
1001010011,"1, 2, 5, 7, 10",2028,167,True,False
1001010100,"3, 5, 7, 10",2153,157,True,False
1001010101,"1, 3, 5, 7, 10",2303,177,True,False
1001010110,"2, 3, 5, 7, 10",2478,197,True,False
1001010111,"1, 2, 3, 5, 7, 10",2628,217,True,False
1001011000,"4, 5, 7, 10",2358,143,True,False
1001011001,"1, 4, 5, 7, 10",2508,163,True,False
1001011010,"2, 4, 5, 7, 10",2683,183,True,False
1001011011,"1, 2, 4, 5, 7, 10",2833,203,True,False
1001011100,"3, 4, 5, 7, 10",2958,193,True,False
1001011101,"1, 3, 4, 5, 7, 10",3108,213,True,False
1001011110,"2, 3, 4, 5, 7, 10",3283,233,True,False
1001011111,"1, 2, 3, 4, 5, 7, 10",3433,253,True,False
1001100000,"6, 7, 10",2323,146,True,False
1001100001,"1, 6, 7, 10",2473,166,True,False
1001100010,"2, 6, 7, 10",2648,186,True,False
1001100011,"1, 2, 6, 7, 10",2798,206,True,False
1001100100,"3, 6, 7, 10",2923,196,True,False
1001100101,"1, 3, 6, 7, 10",3073,216,True,False
1001100110,"2, 3, 6, 7, 10",3248,236,True,False
1001100111,"1, 2, 3, 6, 7, 10",3398,256,True,False
1001101000,"4, 6, 7, 10",3128,182,True,False
1001101001,"1, 4, 6, 7, 10",3278,202,True,False
1001101010,"2, 4, 6, 7, 10",3453,222,True,False
1001101011,"1, 2, 4, 6, 7, 10",3603,242,True,False
1001101100,"3, 4, 6, 7, 10",3728,232,True,False
1001101101,"1, 3, 4, 6, 7, 10",3878,252,True,False
1001101110,"2, 3, 4, 6, 7, 10",4053,272,True,False
1001101111,"1, 2, 3, 4, 6, 7, 10",4203,292,False,False
1001110000,"5, 6, 7, 10",2753,171,True,False
1001110001,"1, 5, 6, 7, 10",2903,191,True,False
1001110010,"2, 5, 6, 7, 10",3078,211,True,False
1001110011,"1, 2, 5, 6, 7, 10",3228,231,True,False
1001110100,"3, 5, 6, 7, 10",3353,221,True,False
1001110101,"1, 3, 5, 6, 7, 10",3503,241,True,False
1001110110,"2, 3, 5, 6, 7, 10",3678,261,True,False
1001110111,"1, 2, 3, 5, 6, 7, 10",3828,281,True,False
1001111000,"4, 5, 6, 7, 10",3558,207,True,False
1001111001,"1, 4, 5, 6, 7, 10",3708,227,True,False
1001111010,"2, 4, 5, 6, 7, 10",3883,247,True,False
1001111011,"1, 2, 4, 5, 6, 7, 10",4033,267,True,False
1001111100,"3, 4, 5, 6, 7, 10",4158,257,True,False
1001111101,"1, 3, 4, 5, 6, 7, 10",4308,277,False,False
1001111110,"2, 3, 4, 5, 6, 7, 10",4483,297,False,False
1001111111,"1, 2, 3, 4, 5, 6, 7, 10",4633,317,False,False
1010000000,"8, 10",413,46,True,False
1010000001,"1, 8, 10",563,66,True,False
1010000010,"2, 8, 10",738,86,True,False
1010000011,"1, 2, 8, 10",888,106,True,False
1010000100,"3, 8, 10",1013,96,True,False
1010000101,"1, 3, 8, 10",1163,116,True,False
1010000110,"2, 3, 8, 10",1338,136,True,False
1010000111,"1, 2, 3, 8, 10",1488,156,True,False
1010001000,"4, 8, 10",1218,82,True,False
1010001001,"1, 4, 8, 10",1368,102,True,False
1010001010,"2, 4, 8, 10",1543,122,True,False
1010001011,"1, 2, 4, 8, 10",1693,142,True,False
1010001100,"3, 4, 8, 10",1818,132,True,False
1010001101,"1, 3, 4, 8, 10",1968,152,True,False
1010001110,"2, 3, 4, 8, 10",2143,172,True,False
1010001111,"1, 2, 3, 4, 8, 10",2293,192,True,False
1010010000,"5, 8, 10",843,71,True,False
1010010001,"1, 5, 8, 10",993,91,True,False
1010010010,"2, 5, 8, 10",1168,111,True,False
1010010011,"1, 2, 5, 8, 10",1318,131,True,False
1010010100,"3, 5, 8, 10",1443,121,True,False
1010010101,"1, 3, 5, 8, 10",1593,141,True,False
1010010110,"2, 3, 5, 8, 10",1768,161,True,False
1010010111,"1, 2, 3, 5, 8, 10",1918,181,True,False
1010011000,"4, 5, 8, 10",1648,107,True,False
1010011001,"1, 4, 5, 8, 10",1798,127,True,False
1010011010,"2, 4, 5, 8, 10",1973,147,True,False
1010011011,"1, 2, 4, 5, 8, 10",2123,167,True,False
1010011100,"3, 4, 5, 8, 10",2248,157,True,False
1010011101,"1, 3, 4, 5, 8, 10",2398,177,True,False
1010011110,"2, 3, 4, 5, 8, 10",2573,197,True,False
1010011111,"1, 2, 3, 4, 5, 8, 10",2723,217,True,False
1010100000,"6, 8, 10",1613,110,True,False
1010100001,"1, 6, 8, 10",1763,130,True,False
1010100010,"2, 6, 8, 10",1938,150,True,False
1010100011,"1, 2, 6, 8, 10",2088,170,True,False
1010100100,"3, 6, 8, 10",2213,160,True,False
1010100101,"1, 3, 6, 8, 10",2363,180,True,False
1010100110,"2, 3, 6, 8, 10",2538,200,True,False
1010100111,"1, 2, 3, 6, 8, 10",2688,220,True,False
1010101000,"4, 6, 8, 10",2418,146,True,False
1010101001,"1, 4, 6, 8, 10",2568,166,True,False
1010101010,"2, 4, 6, 8, 10",2743,186,True,False
1010101011,"1, 2, 4, 6, 8, 10",2893,206,True,False
1010101100,"3, 4, 6, 8, 10",3018,196,True,False
1010101101,"1, 3, 4, 6, 8, 10",3168,216,True,False
1010101110,"2, 3, 4, 6, 8, 10",3343,236,True,False
1010101111,"1, 2, 3, 4, 6, 8, 10",3493,256,True,False
1010110000,"5, 6, 8, 10",2043,135,True,False
1010110001,"1, 5, 6, 8, 10",2193,155,True,False
1010110010,"2, 5, 6, 8, 10",2368,175,True,False
1010110011,"1, 2, 5, 6, 8, 10",2518,195,True,False
1010110100,"3, 5, 6, 8, 10",2643,185,True,False
1010110101,"1, 3, 5, 6, 8, 10",2793,205,True,False
1010110110,"2, 3, 5, 6, 8, 10",2968,225,True,False
1010110111,"1, 2, 3, 5, 6, 8, 10",3118,245,True,False
1010111000,"4, 5, 6, 8, 10",2848,171,True,False
1010111001,"1, 4, 5, 6, 8, 10",2998,191,True,False
1010111010,"2, 4, 5, 6, 8, 10",3173,211,True,False
1010111011,"1, 2, 4, 5, 6, 8, 10",3323,231,True,False
1010111100,"3, 4, 5, 6, 8, 10",3448,221,True,False
1010111101,"1, 3, 4, 5, 6, 8, 10",3598,241,True,False
1010111110,"2, 3, 4, 5, 6, 8, 10",3773,261,True,False
1010111111,"1, 2, 3, 4, 5, 6, 8, 10",3923,281,True,False
1011000000,"7, 8, 10",1183,100,True,False
1011000001,"1, 7, 8, 10",1333,120,True,False
1011000010,"2, 7, 8, 10",1508,140,True,False
1011000011,"1, 2, 7, 8, 10",1658,160,True,False
1011000100,"3, 7, 8, 10",1783,150,True,False
1011000101,"1, 3, 7, 8, 10",1933,170,True,False
1011000110,"2, 3, 7, 8, 10",2108,190,True,False
1011000111,"1, 2, 3, 7, 8, 10",2258,210,True,False
1011001000,"4, 7, 8, 10",1988,136,True,False
1011001001,"1, 4, 7, 8, 10",2138,156,True,False
1011001010,"2, 4, 7, 8, 10",2313,176,True,False
1011001011,"1, 2, 4, 7, 8, 10",2463,196,True,False
1011001100,"3, 4, 7, 8, 10",2588,186,True,False
1011001101,"1, 3, 4, 7, 8, 10",2738,206,True,False
1011001110,"2, 3, 4, 7, 8, 10",2913,226,True,False
1011001111,"1, 2, 3, 4, 7, 8, 10",3063,246,True,False
1011010000,"5, 7, 8, 10",1613,125,True,False
1011010001,"1, 5, 7, 8, 10",1763,145,True,False
1011010010,"2, 5, 7, 8, 10",1938,165,True,False
1011010011,"1, 2, 5, 7, 8, 10",2088,185,True,False
1011010100,"3, 5, 7, 8, 10",2213,175,True,False
1011010101,"1, 3, 5, 7, 8, 10",2363,195,True,False
1011010110,"2, 3, 5, 7, 8, 10",2538,215,True,False
1011010111,"1, 2, 3, 5, 7, 8, 10",2688,235,True,False
1011011000,"4, 5, 7, 8, 10",2418,161,True,False
1011011001,"1, 4, 5, 7, 8, 10",2568,181,True,False
1011011010,"2, 4, 5, 7, 8, 10",2743,201,True,False
1011011011,"1, 2, 4, 5, 7, 8, 10",2893,221,True,False
1011011100,"3, 4, 5, 7, 8, 10",3018,211,True,False
1011011101,"1, 3, 4, 5, 7, 8, 10",3168,231,True,False
1011011110,"2, 3, 4, 5, 7, 8, 10",3343,251,True,False
1011011111,"1, 2, 3, 4, 5, 7, 8, 10",3493,271,True,False
1011100000,"6, 7, 8, 10",2383,164,True,False
1011100001,"1, 6, 7, 8, 10",2533,184,True,False
1011100010,"2, 6, 7, 8, 10",2708,204,True,False
1011100011,"1, 2, 6, 7, 8, 10",2858,224,True,False
1011100100,"3, 6, 7, 8, 10",2983,214,True,False
1011100101,"1, 3, 6, 7, 8, 10",3133,234,True,False
1011100110,"2, 3, 6, 7, 8, 10",3308,254,True,False
1011100111,"1, 2, 3, 6, 7, 8, 10",3458,274,True,False
1011101000,"4, 6, 7, 8, 10",3188,200,True,False
1011101001,"1, 4, 6, 7, 8, 10",3338,220,True,False
1011101010,"2, 4, 6, 7, 8, 10",3513,240,True,False
1011101011,"1, 2, 4, 6, 7, 8, 10",3663,260,True,False
1011101100,"3, 4, 6, 7, 8, 10",3788,250,True,False
1011101101,"1, 3, 4, 6, 7, 8, 10",3938,270,True,False
1011101110,"2, 3, 4, 6, 7, 8, 10",4113,290,True,False
1011101111,"1, 2, 3, 4, 6, 7, 8, 10",4263,310,False,False
1011110000,"5, 6, 7, 8, 10",2813,189,True,False
1011110001,"1, 5, 6, 7, 8, 10",2963,209,True,False
1011110010,"2, 5, 6, 7, 8, 10",3138,229,True,False
1011110011,"1, 2, 5, 6, 7, 8, 10",3288,249,True,False
1011110100,"3, 5, 6, 7, 8, 10",3413,239,True,False
1011110101,"1, 3, 5, 6, 7, 8, 10",3563,259,True,False
1011110110,"2, 3, 5, 6, 7, 8, 10",3738,279,True,False
1011110111,"1, 2, 3, 5, 6, 7, 8, 10",3888,299,True,True
1011111000,"4, 5, 6, 7, 8, 10",3618,225,True,False
1011111001,"1, 4, 5, 6, 7, 8, 10",3768,245,True,False
1011111010,"2, 4, 5, 6, 7, 8, 10",3943,265,True,False
1011111011,"1, 2, 4, 5, 6, 7, 8, 10",4093,285,True,False
1011111100,"3, 4, 5, 6, 7, 8, 10",4218,275,False,False
1011111101,"1, 3, 4, 5, 6, 7, 8, 10",4368,295,False,False
1011111110,"2, 3, 4, 5, 6, 7, 8, 10",4543,315,False,False
1011111111,"1, 2, 3, 4, 5, 6, 7, 8, 10",4693,335,False,False
1100000000,"9, 10",1283,74,True,False
1100000001,"1, 9, 10",1433,94,True,False
1100000010,"2, 9, 10",1608,114,True,False
1100000011,"1, 2, 9, 10",1758,134,True,False
1100000100,"3, 9, 10",1883,124,True,False
1100000101,"1, 3, 9, 10",2033,144,True,False
1100000110,"2, 3, 9, 10",2208,164,True,False
1100000111,"1, 2, 3, 9, 10",2358,184,True,False
1100001000,"4, 9, 10",2088,110,True,False
1100001001,"1, 4, 9, 10",2238,130,True,False
1100001010,"2, 4, 9, 10",2413,150,True,False
1100001011,"1, 2, 4, 9, 10",2563,170,True,False
1100001100,"3, 4, 9, 10",2688,160,True,False
1100001101,"1, 3, 4, 9, 10",2838,180,True,False
1100001110,"2, 3, 4, 9, 10",3013,200,True,False
1100001111,"1, 2, 3, 4, 9, 10",3163,220,True,False
1100010000,"5, 9, 10",1713,99,True,False
1100010001,"1, 5, 9, 10",1863,119,True,False
1100010010,"2, 5, 9, 10",2038,139,True,False
1100010011,"1, 2, 5, 9, 10",2188,159,True,False
1100010100,"3, 5, 9, 10",2313,149,True,False
1100010101,"1, 3, 5, 9, 10",2463,169,True,False
1100010110,"2, 3, 5, 9, 10",2638,189,True,False
1100010111,"1, 2, 3, 5, 9, 10",2788,209,True,False
1100011000,"4, 5, 9, 10",2518,135,True,False
1100011001,"1, 4, 5, 9, 10",2668,155,True,False
1100011010,"2, 4, 5, 9, 10",2843,175,True,False
1100011011,"1, 2, 4, 5, 9, 10",2993,195,True,False
1100011100,"3, 4, 5, 9, 10",3118,185,True,False
1100011101,"1, 3, 4, 5, 9, 10",3268,205,True,False
1100011110,"2, 3, 4, 5, 9, 10",3443,225,True,False
1100011111,"1, 2, 3, 4, 5, 9, 10",3593,245,True,False
1100100000,"6, 9, 10",2483,138,True,False
1100100001,"1, 6, 9, 10",2633,158,True,False
1100100010,"2, 6, 9, 10",2808,178,True,False
1100100011,"1, 2, 6, 9, 10",2958,198,True,False
1100100100,"3, 6, 9, 10",3083,188,True,False
1100100101,"1, 3, 6, 9, 10",3233,208,True,False
1100100110,"2, 3, 6, 9, 10",3408,228,True,False
1100100111,"1, 2, 3, 6, 9, 10",3558,248,True,False
1100101000,"4, 6, 9, 10",3288,174,True,False
1100101001,"1, 4, 6, 9, 10",3438,194,True,False
1100101010,"2, 4, 6, 9, 10",3613,214,True,False
1100101011,"1, 2, 4, 6, 9, 10",3763,234,True,False
1100101100,"3, 4, 6, 9, 10",3888,224,True,False
1100101101,"1, 3, 4, 6, 9, 10",4038,244,True,False
1100101110,"2, 3, 4, 6, 9, 10",4213,264,False,False
1100101111,"1, 2, 3, 4, 6, 9, 10",4363,284,False,False
1100110000,"5, 6, 9, 10",2913,163,True,False
1100110001,"1, 5, 6, 9, 10",3063,183,True,False
1100110010,"2, 5, 6, 9, 10",3238,203,True,False
1100110011,"1, 2, 5, 6, 9, 10",3388,223,True,False
1100110100,"3, 5, 6, 9, 10",3513,213,True,False
1100110101,"1, 3, 5, 6, 9, 10",3663,233,True,False
1100110110,"2, 3, 5, 6, 9, 10",3838,253,True,False
1100110111,"1, 2, 3, 5, 6, 9, 10",3988,273,True,False
1100111000,"4, 5, 6, 9, 10",3718,199,True,False
1100111001,"1, 4, 5, 6, 9, 10",3868,219,True,False
1100111010,"2, 4, 5, 6, 9, 10",4043,239,True,False
1100111011,"1, 2, 4, 5, 6, 9, 10",4193,259,True,False
1100111100,"3, 4, 5, 6, 9, 10",4318,249,False,False
1100111101,"1, 3, 4, 5, 6, 9, 10",4468,269,False,False
1100111110,"2, 3, 4, 5, 6, 9, 10",4643,289,False,False
1100111111,"1, 2, 3, 4, 5, 6, 9, 10",4793,309,False,False
1101000000,"7, 9, 10",2053,128,True,False
1101000001,"1, 7, 9, 10",2203,148,True,False
1101000010,"2, 7, 9, 10",2378,168,True,False
1101000011,"1, 2, 7, 9, 10",2528,188,True,False
1101000100,"3, 7, 9, 10",2653,178,True,False
1101000101,"1, 3, 7, 9, 10",2803,198,True,False
1101000110,"2, 3, 7, 9, 10",2978,218,True,False
1101000111,"1, 2, 3, 7, 9, 10",3128,238,True,False
1101001000,"4, 7, 9, 10",2858,164,True,False
1101001001,"1, 4, 7, 9, 10",3008,184,True,False
1101001010,"2, 4, 7, 9, 10",3183,204,True,False
1101001011,"1, 2, 4, 7, 9, 10",3333,224,True,False
1101001100,"3, 4, 7, 9, 10",3458,214,True,False
1101001101,"1, 3, 4, 7, 9, 10",3608,234,True,False
1101001110,"2, 3, 4, 7, 9, 10",3783,254,True,False
1101001111,"1, 2, 3, 4, 7, 9, 10",3933,274,True,False
1101010000,"5, 7, 9, 10",2483,153,True,False
1101010001,"1, 5, 7, 9, 10",2633,173,True,False
1101010010,"2, 5, 7, 9, 10",2808,193,True,False
1101010011,"1, 2, 5, 7, 9, 10",2958,213,True,False
1101010100,"3, 5, 7, 9, 10",3083,203,True,False
1101010101,"1, 3, 5, 7, 9, 10",3233,223,True,False
1101010110,"2, 3, 5, 7, 9, 10",3408,243,True,False
1101010111,"1, 2, 3, 5, 7, 9, 10",3558,263,True,False
1101011000,"4, 5, 7, 9, 10",3288,189,True,False
1101011001,"1, 4, 5, 7, 9, 10",3438,209,True,False
1101011010,"2, 4, 5, 7, 9, 10",3613,229,True,False
1101011011,"1, 2, 4, 5, 7, 9, 10",3763,249,True,False
1101011100,"3, 4, 5, 7, 9, 10",3888,239,True,False
1101011101,"1, 3, 4, 5, 7, 9, 10",4038,259,True,False
1101011110,"2, 3, 4, 5, 7, 9, 10",4213,279,False,False
1101011111,"1, 2, 3, 4, 5, 7, 9, 10",4363,299,False,False
1101100000,"6, 7, 9, 10",3253,192,True,False
1101100001,"1, 6, 7, 9, 10",3403,212,True,False
1101100010,"2, 6, 7, 9, 10",3578,232,True,False
1101100011,"1, 2, 6, 7, 9, 10",3728,252,True,False
1101100100,"3, 6, 7, 9, 10",3853,242,True,False
1101100101,"1, 3, 6, 7, 9, 10",4003,262,True,False
1101100110,"2, 3, 6, 7, 9, 10",4178,282,True,False
1101100111,"1, 2, 3, 6, 7, 9, 10",4328,302,False,False
1101101000,"4, 6, 7, 9, 10",4058,228,True,False
1101101001,"1, 4, 6, 7, 9, 10",4208,248,False,False
1101101010,"2, 4, 6, 7, 9, 10",4383,268,False,False
1101101011,"1, 2, 4, 6, 7, 9, 10",4533,288,False,False
1101101100,"3, 4, 6, 7, 9, 10",4658,278,False,False
1101101101,"1, 3, 4, 6, 7, 9, 10",4808,298,False,False
1101101110,"2, 3, 4, 6, 7, 9, 10",4983,318,False,False
1101101111,"1, 2, 3, 4, 6, 7, 9, 10",5133,338,False,False
1101110000,"5, 6, 7, 9, 10",3683,217,True,False
1101110001,"1, 5, 6, 7, 9, 10",3833,237,True,False
1101110010,"2, 5, 6, 7, 9, 10",4008,257,True,False
1101110011,"1, 2, 5, 6, 7, 9, 10",4158,277,True,False
1101110100,"3, 5, 6, 7, 9, 10",4283,267,False,False
1101110101,"1, 3, 5, 6, 7, 9, 10",4433,287,False,False
1101110110,"2, 3, 5, 6, 7, 9, 10",4608,307,False,False
1101110111,"1, 2, 3, 5, 6, 7, 9, 10",4758,327,False,False
1101111000,"4, 5, 6, 7, 9, 10",4488,253,False,False
1101111001,"1, 4, 5, 6, 7, 9, 10",4638,273,False,False
1101111010,"2, 4, 5, 6, 7, 9, 10",4813,293,False,False
1101111011,"1, 2, 4, 5, 6, 7, 9, 10",4963,313,False,False
1101111100,"3, 4, 5, 6, 7, 9, 10",5088,303,False,False
1101111101,"1, 3, 4, 5, 6, 7, 9, 10",5238,323,False,False
1101111110,"2, 3, 4, 5, 6, 7, 9, 10",5413,343,False,False
1101111111,"1, 2, 3, 4, 5, 6, 7, 9, 10",5563,363,False,False
1110000000,"8, 9, 10",1343,92,True,False
1110000001,"1, 8, 9, 10",1493,112,True,False
1110000010,"2, 8, 9, 10",1668,132,True,False
1110000011,"1, 2, 8, 9, 10",1818,152,True,False
1110000100,"3, 8, 9, 10",1943,142,True,False
1110000101,"1, 3, 8, 9, 10",2093,162,True,False
1110000110,"2, 3, 8, 9, 10",2268,182,True,False
1110000111,"1, 2, 3, 8, 9, 10",2418,202,True,False
1110001000,"4, 8, 9, 10",2148,128,True,False
1110001001,"1, 4, 8, 9, 10",2298,148,True,False
1110001010,"2, 4, 8, 9, 10",2473,168,True,False
1110001011,"1, 2, 4, 8, 9, 10",2623,188,True,False
1110001100,"3, 4, 8, 9, 10",2748,178,True,False
1110001101,"1, 3, 4, 8, 9, 10",2898,198,True,False
1110001110,"2, 3, 4, 8, 9, 10",3073,218,True,False
1110001111,"1, 2, 3, 4, 8, 9, 10",3223,238,True,False
1110010000,"5, 8, 9, 10",1773,117,True,False
1110010001,"1, 5, 8, 9, 10",1923,137,True,False
1110010010,"2, 5, 8, 9, 10",2098,157,True,False
1110010011,"1, 2, 5, 8, 9, 10",2248,177,True,False
1110010100,"3, 5, 8, 9, 10",2373,167,True,False
1110010101,"1, 3, 5, 8, 9, 10",2523,187,True,False
1110010110,"2, 3, 5, 8, 9, 10",2698,207,True,False
1110010111,"1, 2, 3, 5, 8, 9, 10",2848,227,True,False
1110011000,"4, 5, 8, 9, 10",2578,153,True,False
1110011001,"1, 4, 5, 8, 9, 10",2728,173,True,False
1110011010,"2, 4, 5, 8, 9, 10",2903,193,True,False
1110011011,"1, 2, 4, 5, 8, 9, 10",3053,213,True,False
1110011100,"3, 4, 5, 8, 9, 10",3178,203,True,False
1110011101,"1, 3, 4, 5, 8, 9, 10",3328,223,True,False
1110011110,"2, 3, 4, 5, 8, 9, 10",3503,243,True,False
1110011111,"1, 2, 3, 4, 5, 8, 9, 10",3653,263,True,False
1110100000,"6, 8, 9, 10",2543,156,True,False
1110100001,"1, 6, 8, 9, 10",2693,176,True,False
1110100010,"2, 6, 8, 9, 10",2868,196,True,False
1110100011,"1, 2, 6, 8, 9, 10",3018,216,True,False
1110100100,"3, 6, 8, 9, 10",3143,206,True,False
1110100101,"1, 3, 6, 8, 9, 10",3293,226,True,False
1110100110,"2, 3, 6, 8, 9, 10",3468,246,True,False
1110100111,"1, 2, 3, 6, 8, 9, 10",3618,266,True,False
1110101000,"4, 6, 8, 9, 10",3348,192,True,False
1110101001,"1, 4, 6, 8, 9, 10",3498,212,True,False
1110101010,"2, 4, 6, 8, 9, 10",3673,232,True,False
1110101011,"1, 2, 4, 6, 8, 9, 10",3823,252,True,False
1110101100,"3, 4, 6, 8, 9, 10",3948,242,True,False
1110101101,"1, 3, 4, 6, 8, 9, 10",4098,262,True,False
1110101110,"2, 3, 4, 6, 8, 9, 10",4273,282,False,False
1110101111,"1, 2, 3, 4, 6, 8, 9, 10",4423,302,False,False
1110110000,"5, 6, 8, 9, 10",2973,181,True,False
1110110001,"1, 5, 6, 8, 9, 10",3123,201,True,False
1110110010,"2, 5, 6, 8, 9, 10",3298,221,True,False
1110110011,"1, 2, 5, 6, 8, 9, 10",3448,241,True,False
1110110100,"3, 5, 6, 8, 9, 10",3573,231,True,False
1110110101,"1, 3, 5, 6, 8, 9, 10",3723,251,True,False
1110110110,"2, 3, 5, 6, 8, 9, 10",3898,271,True,False
1110110111,"1, 2, 3, 5, 6, 8, 9, 10",4048,291,True,False
1110111000,"4, 5, 6, 8, 9, 10",3778,217,True,False
1110111001,"1, 4, 5, 6, 8, 9, 10",3928,237,True,False
1110111010,"2, 4, 5, 6, 8, 9, 10",4103,257,True,False
1110111011,"1, 2, 4, 5, 6, 8, 9, 10",4253,277,False,False
1110111100,"3, 4, 5, 6, 8, 9, 10",4378,267,False,False
1110111101,"1, 3, 4, 5, 6, 8, 9, 10",4528,287,False,False
1110111110,"2, 3, 4, 5, 6, 8, 9, 10",4703,307,False,False
1110111111,"1, 2, 3, 4, 5, 6, 8, 9, 10",4853,327,False,False
1111000000,"7, 8, 9, 10",2113,146,True,False
1111000001,"1, 7, 8, 9, 10",2263,166,True,False
1111000010,"2, 7, 8, 9, 10",2438,186,True,False
1111000011,"1, 2, 7, 8, 9, 10",2588,206,True,False
1111000100,"3, 7, 8, 9, 10",2713,196,True,False
1111000101,"1, 3, 7, 8, 9, 10",2863,216,True,False
1111000110,"2, 3, 7, 8, 9, 10",3038,236,True,False
1111000111,"1, 2, 3, 7, 8, 9, 10",3188,256,True,False
1111001000,"4, 7, 8, 9, 10",2918,182,True,False
1111001001,"1, 4, 7, 8, 9, 10",3068,202,True,False
1111001010,"2, 4, 7, 8, 9, 10",3243,222,True,False
1111001011,"1, 2, 4, 7, 8, 9, 10",3393,242,True,False
1111001100,"3, 4, 7, 8, 9, 10",3518,232,True,False
1111001101,"1, 3, 4, 7, 8, 9, 10",3668,252,True,False
1111001110,"2, 3, 4, 7, 8, 9, 10",3843,272,True,False
1111001111,"1, 2, 3, 4, 7, 8, 9, 10",3993,292,True,False
1111010000,"5, 7, 8, 9, 10",2543,171,True,False
1111010001,"1, 5, 7, 8, 9, 10",2693,191,True,False
1111010010,"2, 5, 7, 8, 9, 10",2868,211,True,False
1111010011,"1, 2, 5, 7, 8, 9, 10",3018,231,True,False
1111010100,"3, 5, 7, 8, 9, 10",3143,221,True,False
1111010101,"1, 3, 5, 7, 8, 9, 10",3293,241,True,False
1111010110,"2, 3, 5, 7, 8, 9, 10",3468,261,True,False
1111010111,"1, 2, 3, 5, 7, 8, 9, 10",3618,281,True,False
1111011000,"4, 5, 7, 8, 9, 10",3348,207,True,False
1111011001,"1, 4, 5, 7, 8, 9, 10",3498,227,True,False
1111011010,"2, 4, 5, 7, 8, 9, 10",3673,247,True,False
1111011011,"1, 2, 4, 5, 7, 8, 9, 10",3823,267,True,False
1111011100,"3, 4, 5, 7, 8, 9, 10",3948,257,True,False
1111011101,"1, 3, 4, 5, 7, 8, 9, 10",4098,277,True,False
1111011110,"2, 3, 4, 5, 7, 8, 9, 10",4273,297,False,False
1111011111,"1, 2, 3, 4, 5, 7, 8, 9, 10",4423,317,False,False
1111100000,"6, 7, 8, 9, 10",3313,210,True,False
1111100001,"1, 6, 7, 8, 9, 10",3463,230,True,False
1111100010,"2, 6, 7, 8, 9, 10",3638,250,True,False
1111100011,"1, 2, 6, 7, 8, 9, 10",3788,270,True,False
1111100100,"3, 6, 7, 8, 9, 10",3913,260,True,False
1111100101,"1, 3, 6, 7, 8, 9, 10",4063,280,True,False
1111100110,"2, 3, 6, 7, 8, 9, 10",4238,300,False,False
1111100111,"1, 2, 3, 6, 7, 8, 9, 10",4388,320,False,False
1111101000,"4, 6, 7, 8, 9, 10",4118,246,True,False
1111101001,"1, 4, 6, 7, 8, 9, 10",4268,266,False,False
1111101010,"2, 4, 6, 7, 8, 9, 10",4443,286,False,False
1111101011,"1, 2, 4, 6, 7, 8, 9, 10",4593,306,False,False
1111101100,"3, 4, 6, 7, 8, 9, 10",4718,296,False,False
1111101101,"1, 3, 4, 6, 7, 8, 9, 10",4868,316,False,False
1111101110,"2, 3, 4, 6, 7, 8, 9, 10",5043,336,False,False
1111101111,"1, 2, 3, 4, 6, 7, 8, 9, 10",5193,356,False,False
1111110000,"5, 6, 7, 8, 9, 10",3743,235,True,False
1111110001,"1, 5, 6, 7, 8, 9, 10",3893,255,True,False
1111110010,"2, 5, 6, 7, 8, 9, 10",4068,275,True,False
1111110011,"1, 2, 5, 6, 7, 8, 9, 10",4218,295,False,False
1111110100,"3, 5, 6, 7, 8, 9, 10",4343,285,False,False
1111110101,"1, 3, 5, 6, 7, 8, 9, 10",4493,305,False,False
1111110110,"2, 3, 5, 6, 7, 8, 9, 10",4668,325,False,False
1111110111,"1, 2, 3, 5, 6, 7, 8, 9, 10",4818,345,False,False
1111111000,"4, 5, 6, 7, 8, 9, 10",4548,271,False,False
1111111001,"1, 4, 5, 6, 7, 8, 9, 10",4698,291,False,False
1111111010,"2, 4, 5, 6, 7, 8, 9, 10",4873,311,False,False
1111111011,"1, 2, 4, 5, 6, 7, 8, 9, 10",5023,331,False,False
1111111100,"3, 4, 5, 6, 7, 8, 9, 10",5148,321,False,False
1111111101,"1, 3, 4, 5, 6, 7, 8, 9, 10",5298,341,False,False
1111111110,"2, 3, 4, 5, 6, 7, 8, 9, 10",5473,361,False,False
1111111111,"1, 2, 3, 4, 5, 6, 7, 8, 9, 10",5623,381,False,False
